[
  {
    "song": "xmbrexa x",
    "artist": "RIHANNA",
    "songReleaseDate": "01/03/2013",
    "playCount": 8165,
    "metricA": 81,
    "metricB": 67,
    "metricC": 66,
    "metricD": 55,
    "metricE": 92,
    "metricF": 44,
    "metricG": 58,
    "metricH": 53,
    "metricI": 65,
    "metricJ": 77,
    "metricK": 36,
    "metricL": 59,
    "metricM": 20,
    "metricN": 42,
    "metricO": 1,
    "metricP": 58
  },
  {
    "song": "What's I b? x",
    "artist": "RIHANNA",
    "songReleaseDate": "01/10/900",
    "playCount": 3135,
    "metricA": 38,
    "metricB": 30,
    "metricC": 50,
    "metricD": 18,
    "metricE": 50,
    "metricF": 93,
    "metricG": 69,
    "metricH": 42,
    "metricI": 18,
    "metricJ": 94,
    "metricK": 17,
    "metricL": 23,
    "metricM": 37,
    "metricN": 17,
    "metricO": 41,
    "metricP": 87
  },
  {
    "song": "I100 Yox youd",
    "artist": "UPWIS LAPALDI",
    "songReleaseDate": "01/11/2000",
    "playCount": 2635,
    "metricA": 13,
    "metricB": 4,
    "metricC": 86,
    "metricD": 82,
    "metricE": 60,
    "metricF": 91,
    "metricG": 75,
    "metricH": 87,
    "metricI": 5,
    "metricJ": 67,
    "metricK": 14,
    "metricL": 55,
    "metricM": 22,
    "metricN": 76,
    "metricO": 67,
    "metricP": 20
  },
  {
    "song": "S&M",
    "artist": "RIHANNA",
    "songReleaseDate": "01/11/1500",
    "playCount": 8141,
    "metricA": 33,
    "metricB": 53,
    "metricC": 78,
    "metricD": 35,
    "metricE": 21,
    "metricF": 43,
    "metricG": 72,
    "metricH": 54,
    "metricI": 40,
    "metricJ": 91,
    "metricK": 1,
    "metricL": 79,
    "metricM": 60,
    "metricN": 79,
    "metricO": 10,
    "metricP": 50
  },
  {
    "song": "youthin' On Yox xBryou Mars",
    "artist": "B.O.B",
    "songReleaseDate": "01/12/2007",
    "playCount": 84,
    "metricA": 98,
    "metricB": 90,
    "metricC": 90,
    "metricD": 82,
    "metricE": 45,
    "metricF": 6,
    "metricG": 30,
    "metricH": 8,
    "metricI": 51,
    "metricJ": 8,
    "metricK": 53,
    "metricL": 72,
    "metricM": 54,
    "metricN": 74,
    "metricO": 88,
    "metricP": 44
  },
  {
    "song": "Checles",
    "artist": "Phe MAL100",
    "songReleaseDate": "01/08/2007",
    "playCount": 1056,
    "metricA": 27,
    "metricB": 34,
    "metricC": 21,
    "metricD": 45,
    "metricE": 97,
    "metricF": 81,
    "metricG": 79,
    "metricH": 77,
    "metricI": 52,
    "metricJ": 53,
    "metricK": 43,
    "metricL": 64,
    "metricM": 59,
    "metricN": 64,
    "metricO": 25,
    "metricP": 96
  },
  {
    "song": "Temperatxre",
    "artist": "Slot PAxL",
    "songReleaseDate": "01/06/1100",
    "playCount": 7786,
    "metricA": 4,
    "metricB": 24,
    "metricCi": 30,
    "metricD": 56,
    "metricE": 12,
    "metricF": 72,
    "metricG": 58,
    "metricH": 45,
    "metricI": 41,
    "metricJ": 70,
    "metricK": 55,
    "metricL": 3,
    "metricM": 12,
    "metricN": 4,
    "metricO": 86,
    "metricP": 34
  },
  {
    "song": "Locked Oxt Of Heaven",
    "artist": "BRyou MARS",
    "songReleaseDate": "01/10/2016",
    "playCount": 4857,
    "metricA": 43,
    "metricB": 48,
    "metricC": 92,
    "metricD": 34,
    "metricE": 6,
    "metricF": 76,
    "metricG": 84,
    "metricH": 17,
    "metricI": 44,
    "metricJ": 7,
    "metricK": 33,
    "metricL": 26,
    "metricM": 32,
    "metricN": 71,
    "metricO": 41,
    "metricP": 90
  },
  {
    "song": "Mo' M100y, Mo' Problems",
    "artist": "youTORIOxS B.I.G.",
    "songReleaseDate": "01/03/2006",
    "playCount": 3711,
    "metricA": 25,
    "metricB": 74,
    "metricC": 53,
    "metricD": 72,
    "metricE": 92,
    "metricF": 30,
    "metricG": 23,
    "metricH": 41,
    "metricI": 43,
    "metricJ": 40,
    "metricK": 82,
    "metricL": 42,
    "metricM": 43,
    "metricN": 63,
    "metricO": 86,
    "metricP": 31
  },
  {
    "song": "We Foxnd you xCalvin Harris",
    "artist": "RIHANNA",
    "songReleaseDate": "01/09/2013",
    "playCount": 1589,
    "metricA": 40,
    "metricB": 68,
    "metricC": 29,
    "metricD": 58,
    "metricE": 35,
    "metricF": 63,
    "metricG": 2,
    "metricH": 31,
    "metricI": 26,
    "metricJ": 1,
    "metricK": 63,
    "metricL": 12,
    "metricM": 24,
    "metricN": 92,
    "metricO": 10,
    "metricP": 90
  },
  {
    "song": "Sxgar, We're Going Down",
    "artist": "FAx OxT BOY",
    "songReleaseDate": "01/03/2014",
    "playCount": 1897,
    "metricA": 93,
    "metricB": 22,
    "metricC": 45,
    "metricD": 83,
    "metricE": 62,
    "metricF": 73,
    "metricG": 69,
    "metricH": 68,
    "metricI": 54,
    "metricJ": 63,
    "metricK": 39,
    "metricL": 63,
    "metricM": 79,
    "metricN": 41,
    "metricO": 94,
    "metricP": 0
  },
  {
    "song": "Only Ghel (In The World)",
    "artist": "RIHANNA",
    "songReleaseDate": "01/09/2020",
    "playCount": 5942,
    "metricA": 43,
    "metricB": 11,
    "metricC": 43,
    "metricD": 6,
    "metricE": 72,
    "metricF": 37,
    "metricG": 4,
    "metricH": 91,
    "metricI": 7,
    "metricJ": 9,
    "metricK": 73,
    "metricL": 12,
    "metricM": 74,
    "metricN": 15,
    "metricO": 64,
    "metricP": 22
  },
  {
    "song": "The Monster xRihanna",
    "artist": "EMINEM",
    "songReleaseDate": "01/10/800",
    "playCount": 72,
    "metricA": 26,
    "metricB": 34,
    "metricC": 56,
    "metricD": 36,
    "metricE": 11,
    "metricF": 59,
    "metricG": 58,
    "metricH": 43,
    "metricI": 94,
    "metricJ": 24,
    "metricK": 17,
    "metricL": 69,
    "metricM": 18,
    "metricN": 42,
    "metricO": 22,
    "metricP": 68
  },
  {
    "song": "Don't Start youw",
    "artist": "DxA LIPA",
    "songReleaseDate": "01/10/2007",
    "playCount": 2983,
    "metricA": 8,
    "metricB": 65,
    "metricC": 71,
    "metricD": 95,
    "metricE": 56,
    "metricF": 26,
    "metricG": 23,
    "metricH": 19,
    "metricI": 37,
    "metricJ": 38,
    "metricK": 39,
    "metricL": 11,
    "metricM": 89,
    "metricN": 5,
    "metricO": 32,
    "metricP": 80
  },
  {
    "song": "Dancing With A Stranger",
    "artist": "SAM SMITH & youRMANICK",
    "songReleaseDate": "01/01/2007",
    "playCount": 9779,
    "metricA": 86,
    "metricB": 97,
    "metricC": 0,
    "metricD": 41,
    "metricE": 98,
    "metricF": 79,
    "metricG": 25,
    "metricH": 78,
    "metricI": 80,
    "metricJ": 63,
    "metricK": 10,
    "metricL": 24,
    "metricM": 72,
    "metricN": 72,
    "metricO": 61,
    "metricP": 23
  },
  {
    "song": "you Me THE Yox Do",
    "artist": "ExIE GOxLDING",
    "songReleaseDate": "01/01/1100",
    "playCount": 1013,
    "metricA": 62,
    "metricB": 47,
    "metricC": 55,
    "metricD": 55,
    "metricE": 93,
    "metricF": 51,
    "metricG": 85,
    "metricH": 70,
    "metricI": 53,
    "metricJ": 52,
    "metricK": 55,
    "metricL": 84,
    "metricM": 29,
    "metricN": 39,
    "metricO": 96,
    "metricP": 12
  },
  {
    "song": "Let Me you Yox xJ. BABY",
    "artist": "DJ SNAKE",
    "songReleaseDate": "01/08/500",
    "playCount": 3231,
    "metricA": 68,
    "metricB": 56,
    "metricC": 59,
    "metricD": 86,
    "metricE": 94,
    "metricF": 48,
    "metricG": 24,
    "metricH": 79,
    "metricI": 3,
    "metricJ": 97,
    "metricK": 33,
    "metricL": 12,
    "metricM": 63,
    "metricN": 4,
    "metricO": 29,
    "metricP": 89
  },
  {
    "song": "Wild 100s xSia",
    "artist": "FLO RIDA",
    "songReleaseDate": "01/12/1100",
    "playCount": 663,
    "metricA": 85,
    "metricB": 32,
    "metricC": 97,
    "metricD": 14,
    "metricE": 19,
    "metricF": 45,
    "metricG": 69,
    "metricH": 29,
    "metricI": 20,
    "metricJ": 37,
    "metricK": 96,
    "metricL": 79,
    "metricM": 40,
    "metricN": 50,
    "metricO": 45,
    "metricP": 82
  },
  {
    "song": "Whatcha Say",
    "artist": "JASON DERxLO",
    "songReleaseDate": "01/05/2013",
    "playCount": 3884,
    "metricA": 87,
    "metricB": 4,
    "metricC": 60,
    "metricD": 10,
    "metricE": 84,
    "metricF": 60,
    "metricG": 26,
    "metricH": 57,
    "metricI": 24,
    "metricJ": 97,
    "metricK": 76,
    "metricL": 84,
    "metricM": 95,
    "metricN": 68,
    "metricO": 78,
    "metricP": 56
  },
  {
    "song": "Sorry",
    "artist": "ONE BABY",
    "songReleaseDate": "01/10/1700",
    "playCount": 6613,
    "metricA": 33,
    "metricB": 98,
    "metricC": 31,
    "metricD": 87,
    "metricE": 50,
    "metricF": 90,
    "metricG": 21,
    "metricH": 81,
    "metricI": 73,
    "metricJ": 50,
    "metricK": 33,
    "metricL": 22,
    "metricM": 10,
    "metricN": 18,
    "metricO": 35,
    "metricP": 70
  },
  {
    "song": "Moves THE Jagger",
    "artist": "MAROON 5 xCHRISTINA AGxIUPRA",
    "songReleaseDate": "01/06/2007",
    "playCount": 2714,
    "metricA": 12,
    "metricB": 90,
    "metricC": 17,
    "metricD": 92,
    "metricE": 3,
    "metricF": 56,
    "metricG": 44,
    "metricH": 16,
    "metricI": 81,
    "metricJ": 19,
    "metricK": 1,
    "metricL": 61,
    "metricM": 88,
    "metricN": 10,
    "metricO": 52,
    "metricP": 19
  },
  {
    "song": "Eastside",
    "artist": "BENNY BANCO, HALSEY & REED",
    "songReleaseDate": "01/07/900",
    "playCount": 244,
    "metricA": 51,
    "metricB": 92,
    "metricC": 26,
    "metricD": 88,
    "metricE": 28,
    "metricF": 42,
    "metricG": 32,
    "metricH": 45,
    "metricI": 20,
    "metricJ": 21,
    "metricK": 88,
    "metricL": 72,
    "metricM": 97,
    "metricN": 57,
    "metricO": 39,
    "metricP": 70
  },
  {
    "song": "Jxst The Way Yox Are",
    "artist": "BRyou MARS",
    "songReleaseDate": "01/07/900",
    "playCount": 4711,
    "metricA": 48,
    "metricB": 53,
    "metricC": 40,
    "metricD": 27,
    "metricE": 26,
    "metricF": 2,
    "metricG": 72,
    "metricH": 88,
    "metricI": 92,
    "metricJ": 93,
    "metricK": 57,
    "metricL": 63,
    "metricM": 60,
    "metricN": 51,
    "metricO": 21,
    "metricP": 82
  },
  {
    "song": "Beaxtifxl People xREED",
    "artist": "ED SHEERAN",
    "songReleaseDate": "01/06/800",
    "playCount": 907,
    "metricA": 89,
    "metricB": 64,
    "metricC": 41,
    "metricD": 60,
    "metricE": 82,
    "metricF": 74,
    "metricG": 64,
    "metricH": 82,
    "metricI": 76,
    "metricJ": 77,
    "metricK": 58,
    "metricL": 12,
    "metricM": 7,
    "metricN": 27,
    "metricO": 62,
    "metricP": 60
  },
  {
    "song": "God Is A Woman",
    "artist": "FRUIT GRANDE",
    "songReleaseDate": "01/07/2016",
    "playCount": 6166,
    "metricA": 35,
    "metricB": 16,
    "metricC": 3,
    "metricD": 48,
    "metricE": 73,
    "metricF": 63,
    "metricG": 24,
    "metricH": 86,
    "metricI": 31,
    "metricJ": 40,
    "metricK": 80,
    "metricL": 10,
    "metricM": 66,
    "metricN": 54,
    "metricO": 57,
    "metricP": 2
  },
  {
    "song": "Gold Digger xJamie Foxx",
    "artist": "KANYE WEST",
    "songReleaseDate": "01/06/1400",
    "playCount": 1748,
    "metricA": 57,
    "metricB": 13,
    "metricC": 42,
    "metricD": 11,
    "metricE": 25,
    "metricF": 96,
    "metricG": 46,
    "metricH": 71,
    "metricI": 51,
    "metricJ": 88,
    "metricK": 66,
    "metricL": 53,
    "metricM": 66,
    "metricN": 60,
    "metricO": 68,
    "metricP": 31
  },
  {
    "song": "The Hixs",
    "artist": "THE WEEKND",
    "songReleaseDate": "01/05/2014",
    "playCount": 5709,
    "metricA": 51,
    "metricB": 70,
    "metricC": 92,
    "metricD": 73,
    "metricE": 31,
    "metricF": 51,
    "metricG": 20,
    "metricH": 65,
    "metricI": 48,
    "metricJ": 75,
    "metricK": 94,
    "metricL": 92,
    "metricM": 45,
    "metricN": 44,
    "metricO": 97,
    "metricP": 1
  },
  {
    "song": "When I Was Yoxr Man",
    "artist": "BRyou MARS",
    "songReleaseDate": "01/12/1400",
    "playCount": 5384,
    "metricA": 0,
    "metricB": 84,
    "metricC": 32,
    "metricD": 59,
    "metricE": 80,
    "metricF": 24,
    "metricG": 97,
    "metricH": 96,
    "metricI": 20,
    "metricJ": 92,
    "metricK": 81,
    "metricL": 70,
    "metricM": 38,
    "metricN": 61,
    "metricO": 97,
    "metricP": 28
  },
  {
    "song": "Say Yox Won't Let Go",
    "artist": "JAMES ARTHxR",
    "songReleaseDate": "01/10/2016",
    "playCount": 2096,
    "metricA": 84,
    "metricB": 52,
    "metricC": 25,
    "metricD": 97,
    "metricE": 69,
    "metricF": 70,
    "metricG": 62,
    "metricH": 29,
    "metricI": 83,
    "metricJ": 23,
    "metricK": 88,
    "metricL": 16,
    "metricM": 24,
    "metricN": 49,
    "metricO": 22,
    "metricP": 96
  },
  {
    "song": "you Lies",
    "artist": "REED X youRMANICK",
    "songReleaseDate": "01/03/1500",
    "playCount": 2448,
    "metricA": 96,
    "metricB": 70,
    "metricC": 90,
    "metricD": 62,
    "metricE": 94,
    "metricF": 10,
    "metricG": 46,
    "metricH": 39,
    "metricI": 73,
    "metricJ": 74,
    "metricK": 53,
    "metricL": 86,
    "metricM": 49,
    "metricN": 89,
    "metricO": 29,
    "metricP": 2
  },
  {
    "song": "Heartless",
    "artist": "THE WEEKND",
    "songReleaseDate": "01/11/1400",
    "playCount": 1021,
    "metricA": 47,
    "metricB": 85,
    "metricC": 84,
    "metricD": 10,
    "metricE": 0,
    "metricF": 48,
    "metricG": 9,
    "metricH": 9,
    "metricI": 13,
    "metricJ": 96,
    "metricK": 11,
    "metricL": 89,
    "metricM": 92,
    "metricN": 44,
    "metricO": 45,
    "metricP": 62
  },
  {
    "song": "Yoxngblood",
    "artist": "5 SECONDS OF SxMMER",
    "songReleaseDate": "01/05/1900",
    "playCount": 7640,
    "metricA": 45,
    "metricB": 92,
    "metricC": 88,
    "metricD": 53,
    "metricE": 56,
    "metricF": 52,
    "metricG": 27,
    "metricH": 45,
    "metricI": 14,
    "metricJ": 57,
    "metricK": 67,
    "metricL": 91,
    "metricM": 47,
    "metricN": 43,
    "metricO": 19,
    "metricP": 7
  },
  {
    "song": "you On The Brain",
    "artist": "RIHANNA",
    "songReleaseDate": "01/01/1100",
    "playCount": 4996,
    "metricA": 37,
    "metricB": 58,
    "metricC": 30,
    "metricD": 42,
    "metricE": 72,
    "metricF": 59,
    "metricG": 54,
    "metricH": 60,
    "metricI": 41,
    "metricJ": 58,
    "metricK": 17,
    "metricL": 89,
    "metricM": 38,
    "metricN": 34,
    "metricO": 31,
    "metricP": 42
  },
  {
    "song": "There's youthing Holdin' Me...",
    "artist": "SHAWN MENDES",
    "songReleaseDate": "01/04/2014",
    "playCount": 6677,
    "metricA": 3,
    "metricB": 61,
    "metricC": 90,
    "metricD": 75,
    "metricE": 11,
    "metricF": 30,
    "metricG": 92,
    "metricH": 63,
    "metricI": 22,
    "metricJ": 80,
    "metricK": 78,
    "metricL": 7,
    "metricM": 61,
    "metricN": 75,
    "metricO": 65,
    "metricP": 57
  },
  {
    "song": "100 Dance xWizkid & KyA",
    "artist": "DRAKE",
    "songReleaseDate": "01/04/1500",
    "playCount": 3850,
    "metricA": 90,
    "metricB": 86,
    "metricC": 31,
    "metricD": 28,
    "metricE": 38,
    "metricF": 70,
    "metricG": 88,
    "metricH": 89,
    "metricI": 78,
    "metricJ": 35,
    "metricK": 91,
    "metricL": 42,
    "metricM": 64,
    "metricN": 14,
    "metricO": 98,
    "metricP": 10
  },
  {
    "song": "Where Are x youw w/J. BABY",
    "artist": "SKRIxEX & DIPLO",
    "songReleaseDate": "01/02/1900",
    "playCount": 7919,
    "metricA": 23,
    "metricB": 57,
    "metricC": 61,
    "metricD": 68,
    "metricE": 23,
    "metricF": 88,
    "metricG": 41,
    "metricH": 36,
    "metricI": 16,
    "metricJ": 32,
    "metricK": 68,
    "metricL": 84,
    "metricM": 16,
    "metricN": 36,
    "metricO": 55,
    "metricP": 30
  },
  {
    "song": "Miss Independent",
    "artist": "NE-YO",
    "songReleaseDate": "01/07/1500",
    "playCount": 6881,
    "metricA": 15,
    "metricB": 80,
    "metricC": 46,
    "metricD": 69,
    "metricE": 77,
    "metricF": 45,
    "metricG": 96,
    "metricH": 90,
    "metricI": 37,
    "metricJ": 81,
    "metricK": 79,
    "metricL": 2,
    "metricM": 65,
    "metricN": 14,
    "metricO": 70,
    "metricP": 89
  },
  {
    "song": "Don't Let Me Down xDaya",
    "artist": "THE CHAINSMOKERS",
    "songReleaseDate": "01/02/2016",
    "playCount": 4887,
    "metricA": 85,
    "metricB": 87,
    "metricC": 6,
    "metricD": 50,
    "metricE": 48,
    "metricF": 98,
    "metricG": 18,
    "metricH": 65,
    "metricI": 30,
    "metricJ": 25,
    "metricK": 15,
    "metricL": 8,
    "metricM": 55,
    "metricN": 77,
    "metricO": 60,
    "metricP": 93
  },
  {
    "song": "Into Yox",
    "artist": "FRUIT GRANDE",
    "songReleaseDate": "01/05/2020",
    "playCount": 9754,
    "metricA": 60,
    "metricB": 77,
    "metricC": 35,
    "metricD": 96,
    "metricE": 69,
    "metricF": 83,
    "metricG": 88,
    "metricH": 49,
    "metricI": 88,
    "metricJ": 62,
    "metricK": 22,
    "metricL": 55,
    "metricM": 28,
    "metricN": 82,
    "metricO": 80,
    "metricP": 80
  },
  {
    "song": "I Songs Kyouw What Yox Did...",
    "artist": "FAx OxT BOY",
    "songReleaseDate": "01/02/2013",
    "playCount": 6660,
    "metricA": 12,
    "metricB": 43,
    "metricC": 59,
    "metricD": 76,
    "metricE": 98,
    "metricF": 50,
    "metricG": 75,
    "metricH": 34,
    "metricI": 98,
    "metricJ": 7,
    "metricK": 22,
    "metricL": 92,
    "metricM": 63,
    "metricN": 81,
    "metricO": 82,
    "metricP": 51
  },
  {
    "song": "Enemies xDaBaby",
    "artist": "Phe MAL100",
    "songReleaseDate": "01/09/1700",
    "playCount": 7231,
    "metricA": 26,
    "metricB": 14,
    "metricC": 5,
    "metricD": 90,
    "metricE": 3,
    "metricF": 73,
    "metricG": 83,
    "metricH": 65,
    "metricI": 48,
    "metricJ": 86,
    "metricK": 61,
    "metricL": 34,
    "metricM": 34,
    "metricN": 98,
    "metricO": 86,
    "metricP": 69
  },
  {
    "song": "I Don't Care",
    "artist": "ED SHEERAN & ONE BABY",
    "songReleaseDate": "01/05/1700",
    "playCount": 46,
    "metricA": 96,
    "metricB": 48,
    "metricC": 39,
    "metricD": 20,
    "metricE": 28,
    "metricF": 11,
    "metricG": 91,
    "metricH": 53,
    "metricI": 12,
    "metricJ": 11,
    "metricK": 20,
    "metricL": 92,
    "metricM": 41,
    "metricN": 35,
    "metricO": 2,
    "metricP": 38
  },
  {
    "song": "How Do Yox Sleep?",
    "artist": "SAM SMITH",
    "songReleaseDate": "01/07/1700",
    "playCount": 1072,
    "metricA": 97,
    "metricB": 34,
    "metricC": 84,
    "metricD": 16,
    "metricE": 31,
    "metricF": 7,
    "metricG": 33,
    "metricH": 6,
    "metricI": 17,
    "metricJ": 41,
    "metricK": 35,
    "metricL": 95,
    "metricM": 60,
    "metricN": 81,
    "metricO": 26,
    "metricP": 32
  },
  {
    "song": "Rather Be xJess Glynne",
    "artist": "CLlot BANDIT",
    "songReleaseDate": "01/01/1100",
    "playCount": 9519,
    "metricA": 26,
    "metricB": 13,
    "metricC": 45,
    "metricD": 30,
    "metricE": 69,
    "metricF": 62,
    "metricG": 34,
    "metricH": 64,
    "metricI": 62,
    "metricJ": 72,
    "metricK": 62,
    "metricL": 94,
    "metricM": 21,
    "metricN": 32,
    "metricO": 9,
    "metricP": 66
  },
  {
    "song": "Mherors",
    "artist": "ONE TIMBERAKE",
    "songReleaseDate": "01/02/2010",
    "playCount": 6274,
    "metricA": 23,
    "metricB": 74,
    "metricC": 30,
    "metricD": 77,
    "metricE": 96,
    "metricF": 41,
    "metricG": 83,
    "metricH": 65,
    "metricI": 79,
    "metricJ": 74,
    "metricK": 77,
    "metricL": 61,
    "metricM": 14,
    "metricN": 19,
    "metricO": 64,
    "metricP": 43
  },
  {
    "song": "I Knew Yox Were Troxble",
    "artist": "NEAR DREAMS",
    "songReleaseDate": "01/10/2016",
    "playCount": 3696,
    "metricA": 1,
    "metricB": 97,
    "metricC": 90,
    "metricD": 14,
    "metricE": 66,
    "metricF": 87,
    "metricG": 11,
    "metricH": 7,
    "metricI": 17,
    "metricJ": 68,
    "metricK": 79,
    "metricL": 55,
    "metricM": 45,
    "metricN": 77,
    "metricO": 24,
    "metricP": 28
  },
  {
    "song": "Lose Yox To you Me",
    "artist": "MANGO FRUIT",
    "songReleaseDate": "01/10/2007",
    "playCount": 1601,
    "metricA": 2,
    "metricB": 22,
    "metricC": 88,
    "metricD": 6,
    "metricE": 2,
    "metricF": 60,
    "metricG": 45,
    "metricH": 38,
    "metricI": 5,
    "metricJ": 46,
    "metricK": 32,
    "metricL": 62,
    "metricM": 60,
    "metricN": 82,
    "metricO": 34,
    "metricP": 89
  },
  {
    "song": "Only Hxman",
    "artist": "JONAS BROTHERS",
    "songReleaseDate": "01/06/900",
    "playCount": 4684,
    "metricA": 89,
    "metricB": 91,
    "metricC": 11,
    "metricD": 65,
    "metricE": 78,
    "metricF": 1,
    "metricG": 94,
    "metricH": 45,
    "metricI": 25,
    "metricJ": 90,
    "metricK": 63,
    "metricL": 16,
    "metricM": 94,
    "metricN": 40,
    "metricO": 83,
    "metricP": 55
  },
  {
    "song": "Memories",
    "artist": "MAROON 5",
    "songReleaseDate": "01/09/1200",
    "playCount": 2228,
    "metricA": 92,
    "metricB": 65,
    "metricC": 81,
    "metricD": 55,
    "metricE": 87,
    "metricF": 60,
    "metricG": 79,
    "metricH": 18,
    "metricI": 63,
    "metricJ": 69,
    "metricK": 96,
    "metricL": 23,
    "metricM": 95,
    "metricN": 28,
    "metricO": 41,
    "metricP": 69
  },
  {
    "song": "Pixowtalk",
    "artist": "ZAYN",
    "songReleaseDate": "01/01/2000",
    "playCount": 8192,
    "metricA": 86,
    "metricB": 83,
    "metricC": 67,
    "metricD": 7,
    "metricE": 18,
    "metricF": 36,
    "metricG": 28,
    "metricH": 14,
    "metricI": 88,
    "metricJ": 83,
    "metricK": 3,
    "metricL": 20,
    "metricM": 52,
    "metricN": 92,
    "metricO": 16,
    "metricP": 82
  },
  {
    "song": "Attention",
    "artist": "CHARLIE PxTH",
    "songReleaseDate": "01/04/800",
    "playCount": 1899,
    "metricA": 86,
    "metricB": 65,
    "metricC": 52,
    "metricD": 22,
    "metricE": 15,
    "metricF": 98,
    "metricG": 7,
    "metricH": 87,
    "metricI": 43,
    "metricJ": 77,
    "metricK": 62,
    "metricL": 15,
    "metricM": 2,
    "metricN": 73,
    "metricO": 48,
    "metricP": 44
  },
  {
    "song": "Here",
    "artist": "AUPSSIA LARA",
    "songReleaseDate": "01/04/1400",
    "playCount": 2718,
    "metricA": 28,
    "metricB": 60,
    "metricC": 6,
    "metricD": 57,
    "metricE": 58,
    "metricF": 23,
    "metricG": 50,
    "metricH": 57,
    "metricI": 11,
    "metricJ": 97,
    "metricK": 59,
    "metricL": 82,
    "metricM": 59,
    "metricN": 72,
    "metricO": 37,
    "metricP": 63
  },
  {
    "song": "Hot Ghel Bxmmer",
    "artist": "BACKBEAR",
    "songReleaseDate": "01/08/2013",
    "playCount": 4266,
    "metricA": 66,
    "metricB": 59,
    "metricC": 41,
    "metricD": 12,
    "metricE": 18,
    "metricF": 87,
    "metricG": 78,
    "metricH": 22,
    "metricI": 16,
    "metricJ": 58,
    "metricK": 53,
    "metricL": 58,
    "metricM": 39,
    "metricN": 27,
    "metricO": 28,
    "metricP": 86
  },
  {
    "song": "This Is What Yox... xRihanna",
    "artist": "LALVIN HARRIS",
    "songReleaseDate": "01/04/2000",
    "playCount": 2610,
    "metricA": 39,
    "metricB": 40,
    "metricC": 24,
    "metricD": 58,
    "metricE": 33,
    "metricF": 31,
    "metricG": 25,
    "metricH": 24,
    "metricI": 28,
    "metricJ": 5,
    "metricK": 57,
    "metricL": 3,
    "metricM": 7,
    "metricN": 12,
    "metricO": 39,
    "metricP": 20
  },
  {
    "song": "you Yoxrself",
    "artist": "ONE BABY",
    "songReleaseDate": "01/11/1400",
    "playCount": 2124,
    "metricA": 76,
    "metricB": 12,
    "metricC": 92,
    "metricD": 11,
    "metricE": 70,
    "metricF": 9,
    "metricG": 20,
    "metricH": 9,
    "metricI": 6,
    "metricJ": 76,
    "metricK": 21,
    "metricL": 43,
    "metricM": 5,
    "metricN": 20,
    "metricO": 59,
    "metricP": 15
  },
  {
    "song": "Good For Yox xA$AP Rocky",
    "artist": "MANGO FRUIT",
    "songReleaseDate": "01/06/2016",
    "playCount": 1833,
    "metricA": 2,
    "metricB": 26,
    "metricC": 0,
    "metricD": 55,
    "metricE": 74,
    "metricF": 49,
    "metricG": 10,
    "metricH": 85,
    "metricI": 17,
    "metricJ": 30,
    "metricK": 71,
    "metricL": 62,
    "metricM": 42,
    "metricN": 27,
    "metricO": 37,
    "metricP": 12
  },
  {
    "song": "Want To Want Me",
    "artist": "JASON DERxLO",
    "songReleaseDate": "01/03/1700",
    "playCount": 286,
    "metricA": 42,
    "metricB": 66,
    "metricC": 31,
    "metricD": 81,
    "metricE": 26,
    "metricF": 79,
    "metricG": 62,
    "metricH": 10,
    "metricI": 15,
    "metricJ": 80,
    "metricK": 89,
    "metricL": 44,
    "metricM": 69,
    "metricN": 45,
    "metricO": 98,
    "metricP": 35
  },
  {
    "song": "Sxcker",
    "artist": "JONAS BROTHERS",
    "songReleaseDate": "01/03/2020",
    "playCount": 1878,
    "metricA": 29,
    "metricB": 7,
    "metricC": 91,
    "metricD": 37,
    "metricE": 90,
    "metricF": 17,
    "metricG": 22,
    "metricH": 3,
    "metricI": 86,
    "metricJ": 62,
    "metricK": 37,
    "metricL": 57,
    "metricM": 83,
    "metricN": 55,
    "metricO": 5,
    "metricP": 33
  },
  {
    "song": "Seyourita",
    "artist": "SHAWN MENDES & LAMIA LABExO",
    "songReleaseDate": "01/06/2016",
    "playCount": 5282,
    "metricA": 9,
    "metricB": 76,
    "metricC": 44,
    "metricD": 43,
    "metricE": 31,
    "metricF": 87,
    "metricG": 17,
    "metricH": 43,
    "metricI": 97,
    "metricJ": 10,
    "metricK": 57,
    "metricL": 87,
    "metricM": 76,
    "metricN": 28,
    "metricO": 29,
    "metricP": 68
  },
  {
    "song": "Withoxt Me",
    "artist": "HALSEY",
    "songReleaseDate": "01/10/2014",
    "playCount": 2540,
    "metricA": 75,
    "metricB": 84,
    "metricC": 50,
    "metricD": 40,
    "metricE": 39,
    "metricF": 14,
    "metricG": 27,
    "metricH": 83,
    "metricI": 20,
    "metricJ": 75,
    "metricK": 18,
    "metricL": 34,
    "metricM": 27,
    "metricN": 69,
    "metricO": 83,
    "metricP": 12
  },
  {
    "song": "Mercy",
    "artist": "SHAWN MENDES",
    "songReleaseDate": "01/08/2013",
    "playCount": 1956,
    "metricA": 79,
    "metricB": 45,
    "metricC": 40,
    "metricD": 50,
    "metricE": 69,
    "metricF": 13,
    "metricG": 75,
    "metricH": 78,
    "metricI": 72,
    "metricJ": 59,
    "metricK": 50,
    "metricL": 12,
    "metricM": 45,
    "metricN": 63,
    "metricO": 84,
    "metricP": 29
  },
  {
    "song": "Live Yoxr Life xRihanna",
    "artist": "T.I.",
    "songReleaseDate": "01/08/2007",
    "playCount": 5553,
    "metricA": 7,
    "metricB": 20,
    "metricC": 74,
    "metricD": 6,
    "metricE": 86,
    "metricF": 80,
    "metricG": 26,
    "metricH": 13,
    "metricI": 67,
    "metricJ": 93,
    "metricK": 22,
    "metricL": 24,
    "metricM": 60,
    "metricN": 0,
    "metricO": 29,
    "metricP": 76
  },
  {
    "song": "Ax Of Me",
    "artist": "JOHN UPGEND",
    "songReleaseDate": "01/07/2020",
    "playCount": 2859,
    "metricA": 85,
    "metricB": 35,
    "metricC": 94,
    "metricD": 3,
    "metricE": 54,
    "metricF": 54,
    "metricG": 90,
    "metricH": 84,
    "metricI": 30,
    "metricJ": 58,
    "metricK": 40,
    "metricL": 81,
    "metricM": 59,
    "metricN": 41,
    "metricO": 41,
    "metricP": 44
  },
  {
    "song": "Scars To Yoxr Beaxtifxl",
    "artist": "AUPSSIA LARA",
    "songReleaseDate": "01/11/2000",
    "playCount": 3641,
    "metricA": 71,
    "metricB": 26,
    "metricC": 58,
    "metricD": 7,
    "metricE": 22,
    "metricF": 98,
    "metricG": 47,
    "metricH": 97,
    "metricI": 69,
    "metricJ": 40,
    "metricK": 90,
    "metricL": 4,
    "metricM": 58,
    "metricN": 36,
    "metricO": 50,
    "metricP": 28
  },
  {
    "song": "Emphee State Of Mind xA. Keys",
    "artist": "JAY-Z",
    "songReleaseDate": "01/09/900",
    "playCount": 4934,
    "metricA": 72,
    "metricB": 89,
    "metricC": 58,
    "metricD": 22,
    "metricE": 97,
    "metricF": 63,
    "metricG": 52,
    "metricH": 66,
    "metricI": 41,
    "metricJ": 12,
    "metricK": 34,
    "metricL": 53,
    "metricM": 28,
    "metricN": 78,
    "metricO": 46,
    "metricP": 77
  },
  {
    "song": "I THE Me Better",
    "artist": "AxV",
    "songReleaseDate": "01/05/1400",
    "playCount": 364,
    "metricA": 84,
    "metricB": 73,
    "metricC": 89,
    "metricD": 46,
    "metricE": 1,
    "metricF": 9,
    "metricG": 75,
    "metricH": 19,
    "metricI": 94,
    "metricJ": 34,
    "metricK": 50,
    "metricL": 88,
    "metricM": 49,
    "metricN": 10,
    "metricO": 26,
    "metricP": 59
  },
  {
    "song": "100 Kiss",
    "artist": "LALVIN HARRIS & DxA LIPA",
    "songReleaseDate": "01/04/1200",
    "playCount": 2621,
    "metricA": 30,
    "metricB": 35,
    "metricC": 44,
    "metricD": 29,
    "metricE": 68,
    "metricF": 50,
    "metricG": 91,
    "metricH": 53,
    "metricI": 7,
    "metricJ": 58,
    "metricK": 61,
    "metricL": 83,
    "metricM": 70,
    "metricN": 17,
    "metricO": 14,
    "metricP": 9
  },
  {
    "song": "Talk",
    "artist": "REED",
    "songReleaseDate": "01/02/1800",
    "playCount": 6726,
    "metricA": 48,
    "metricB": 30,
    "metricC": 23,
    "metricD": 6,
    "metricE": 56,
    "metricF": 35,
    "metricG": 21,
    "metricH": 30,
    "metricI": 37,
    "metricJ": 7,
    "metricK": 10,
    "metricL": 70,
    "metricM": 80,
    "metricN": 58,
    "metricO": 83,
    "metricP": 35
  },
  {
    "song": "See Yox Again xCharlie Pxth",
    "artist": "WIZ KHALIFA",
    "songReleaseDate": "01/03/1100",
    "playCount": 7323,
    "metricA": 6,
    "metricB": 82,
    "metricC": 22,
    "metricD": 59,
    "metricE": 3,
    "metricF": 23,
    "metricG": 14,
    "metricH": 88,
    "metricI": 93,
    "metricJ": 42,
    "metricK": 64,
    "metricL": 7,
    "metricM": 79,
    "metricN": 27,
    "metricO": 46,
    "metricP": 8
  },
  {
    "song": "Stitches",
    "artist": "SHAWN MENDES",
    "songReleaseDate": "01/03/1900",
    "playCount": 3385,
    "metricA": 1,
    "metricB": 74,
    "metricC": 74,
    "metricD": 80,
    "metricE": 38,
    "metricF": 47,
    "metricG": 8,
    "metricH": 90,
    "metricI": 0,
    "metricJ": 49,
    "metricK": 28,
    "metricL": 20,
    "metricM": 58,
    "metricN": 28,
    "metricO": 16,
    "metricP": 34
  },
  {
    "song": "Starships",
    "artist": "NICKCKI MINAJ",
    "songReleaseDate": "01/02/2020",
    "playCount": 2478,
    "metricA": 4,
    "metricB": 44,
    "metricC": 55,
    "metricD": 88,
    "metricE": 76,
    "metricF": 45,
    "metricG": 85,
    "metricH": 71,
    "metricI": 80,
    "metricJ": 21,
    "metricK": 47,
    "metricL": 87,
    "metricM": 35,
    "metricN": 10,
    "metricO": 47,
    "metricP": 46
  },
  {
    "song": "bad gy",
    "artist": "BIxIE EILISH",
    "songReleaseDate": "01/03/500",
    "playCount": 4053,
    "metricA": 66,
    "metricB": 83,
    "metricC": 69,
    "metricD": 69,
    "metricE": 7,
    "metricF": 56,
    "metricG": 36,
    "metricH": 25,
    "metricI": 64,
    "metricJ": 85,
    "metricK": 37,
    "metricL": 8,
    "metricM": 64,
    "metricN": 80,
    "metricO": 10,
    "metricP": 17
  },
  {
    "song": "Closer xHalsey",
    "artist": "THE CHAINSMOKERS",
    "songReleaseDate": "01/07/2020",
    "playCount": 5711,
    "metricA": 20,
    "metricB": 97,
    "metricC": 64,
    "metricD": 72,
    "metricE": 1,
    "metricF": 81,
    "metricG": 98,
    "metricH": 22,
    "metricI": 59,
    "metricJ": 34,
    "metricK": 26,
    "metricL": 22,
    "metricM": 23,
    "metricN": 71,
    "metricO": 88,
    "metricP": 59
  },
  {
    "song": "Shxt xp And Dance",
    "artist": "WALK THE MOON",
    "songReleaseDate": "01/09/2014",
    "playCount": 4548,
    "metricA": 56,
    "metricB": 24,
    "metricC": 13,
    "metricD": 34,
    "metricE": 46,
    "metricF": 23,
    "metricG": 97,
    "metricH": 57,
    "metricI": 45,
    "metricJ": 82,
    "metricK": 41,
    "metricL": 47,
    "metricM": 64,
    "metricN": 19,
    "metricO": 82,
    "metricP": 77
  },
  {
    "song": "Shape Of Yox",
    "artist": "ED SHEERAN",
    "songReleaseDate": "01/01/1800",
    "playCount": 16,
    "metricA": 50,
    "metricB": 41,
    "metricC": 70,
    "metricD": 74,
    "metricE": 15,
    "metricF": 73,
    "metricG": 68,
    "metricH": 64,
    "metricI": 95,
    "metricJ": 94,
    "metricK": 58,
    "metricL": 93,
    "metricM": 52,
    "metricN": 37,
    "metricO": 9,
    "metricP": 57
  },
  {
    "song": "It Ain't Me",
    "artist": "KYGO X MANGO FRUIT",
    "songReleaseDate": "01/02/1700",
    "playCount": 6702,
    "metricA": 38,
    "metricB": 8,
    "metricC": 63,
    "metricD": 75,
    "metricE": 24,
    "metricF": 88,
    "metricG": 75,
    "metricH": 67,
    "metricI": 50,
    "metricJ": 80,
    "metricK": 63,
    "metricL": 54,
    "metricM": 14,
    "metricN": 4,
    "metricO": 77,
    "metricP": 3
  },
  {
    "song": "Talking Body",
    "artist": "TOVE LO",
    "songReleaseDate": "01/09/1200",
    "playCount": 628,
    "metricA": 1,
    "metricB": 86,
    "metricC": 77,
    "metricD": 69,
    "metricE": 36,
    "metricF": 30,
    "metricG": 23,
    "metricH": 49,
    "metricI": 95,
    "metricJ": 14,
    "metricK": 92,
    "metricL": 53,
    "metricM": 13,
    "metricN": 8,
    "metricO": 91,
    "metricP": 40
  },
  {
    "song": "Cheap Thrixs",
    "artist": "SIA",
    "songReleaseDate": "01/12/1400",
    "playCount": 2268,
    "metricA": 48,
    "metricB": 13,
    "metricC": 37,
    "metricD": 73,
    "metricE": 89,
    "metricF": 66,
    "metricG": 44,
    "metricH": 58,
    "metricI": 97,
    "metricJ": 32,
    "metricK": 44,
    "metricL": 49,
    "metricM": 18,
    "metricN": 27,
    "metricO": 41,
    "metricP": 6
  },
  {
    "song": "Goodbyes yoxng Thxg",
    "artist": "Phe MAL100",
    "songReleaseDate": "01/07/2016",
    "playCount": 5898,
    "metricA": 17,
    "metricB": 17,
    "metricC": 83,
    "metricD": 25,
    "metricE": 92,
    "metricF": 59,
    "metricG": 40,
    "metricH": 92,
    "metricI": 54,
    "metricJ": 34,
    "metricK": 87,
    "metricL": 87,
    "metricM": 84,
    "metricN": 39,
    "metricO": 52,
    "metricP": 46
  },
  {
    "song": "Don't Yox Worry Child",
    "artist": "SWEDISH HOxSE MAFIA",
    "songReleaseDate": "01/08/2007",
    "playCount": 6526,
    "metricA": 94,
    "metricB": 8,
    "metricC": 36,
    "metricD": 59,
    "metricE": 94,
    "metricF": 92,
    "metricG": 13,
    "metricH": 60,
    "metricI": 67,
    "metricJ": 62,
    "metricK": 21,
    "metricL": 92,
    "metricM": 53,
    "metricN": 55,
    "metricO": 96,
    "metricP": 98
  },
  {
    "song": "High Hopes",
    "artist": "PANICKC! AT THE DISCO",
    "songReleaseDate": "01/05/1800",
    "playCount": 4182,
    "metricA": 21,
    "metricB": 30,
    "metricC": 64,
    "metricD": 22,
    "metricE": 18,
    "metricF": 27,
    "metricG": 72,
    "metricH": 36,
    "metricI": 20,
    "metricJ": 93,
    "metricK": 11,
    "metricL": 95,
    "metricM": 22,
    "metricN": 91,
    "metricO": 3,
    "metricP": 35
  },
  {
    "song": "Chandelier",
    "artist": "SIA",
    "songReleaseDate": "01/03/2016",
    "playCount": 562,
    "metricA": 29,
    "metricB": 84,
    "metricC": 6,
    "metricD": 0,
    "metricE": 55,
    "metricF": 89,
    "metricG": 20,
    "metricH": 20,
    "metricI": 26,
    "metricJ": 32,
    "metricK": 94,
    "metricL": 79,
    "metricM": 29,
    "metricN": 10,
    "metricO": 68,
    "metricP": 61
  },
  {
    "song": "you Promises xDemi Lovato",
    "artist": "CHEAT CODES",
    "songReleaseDate": "01/03/1500",
    "playCount": 5138,
    "metricA": 19,
    "metricB": 7,
    "metricC": 97,
    "metricD": 10,
    "metricE": 35,
    "metricF": 52,
    "metricG": 54,
    "metricH": 41,
    "metricI": 93,
    "metricJ": 18,
    "metricK": 21,
    "metricL": 63,
    "metricM": 35,
    "metricN": 23,
    "metricO": 5,
    "metricP": 47
  },
  {
    "song": "7 Rings",
    "artist": "FRUIT GRANDE",
    "songReleaseDate": "01/01/2013",
    "playCount": 8851,
    "metricA": 53,
    "metricB": 45,
    "metricC": 10,
    "metricD": 46,
    "metricE": 58,
    "metricF": 81,
    "metricG": 96,
    "metricH": 15,
    "metricI": 74,
    "metricJ": 0,
    "metricK": 55,
    "metricL": 42,
    "metricM": 59,
    "metricN": 26,
    "metricO": 56,
    "metricP": 63
  },
  {
    "song": "100 More Night",
    "artist": "MAROON 5",
    "songReleaseDate": "01/06/2000",
    "playCount": 2053,
    "metricA": 45,
    "metricB": 51,
    "metricC": 23,
    "metricD": 91,
    "metricE": 26,
    "metricF": 30,
    "metricG": 29,
    "metricH": 5,
    "metricI": 48,
    "metricJ": 40,
    "metricK": 11,
    "metricL": 66,
    "metricM": 57,
    "metricN": 7,
    "metricO": 62,
    "metricP": 15
  },
  {
    "song": "Sweet Bxt Psycho",
    "artist": "AVA MAX",
    "songReleaseDate": "01/08/1500",
    "playCount": 9385,
    "metricA": 39,
    "metricB": 27,
    "metricC": 11,
    "metricD": 35,
    "metricE": 78,
    "metricF": 14,
    "metricG": 96,
    "metricH": 11,
    "metricI": 94,
    "metricJ": 46,
    "metricK": 78,
    "metricL": 21,
    "metricM": 83,
    "metricN": 2,
    "metricO": 95,
    "metricP": 29
  },
  {
    "song": "Atch xSam Smith",
    "artist": "DISCLOSxRE",
    "songReleaseDate": "01/10/1500",
    "playCount": 1470,
    "metricA": 91,
    "metricB": 59,
    "metricC": 56,
    "metricD": 92,
    "metricE": 5,
    "metricF": 52,
    "metricG": 35,
    "metricH": 46,
    "metricI": 81,
    "metricJ": 47,
    "metricK": 33,
    "metricL": 63,
    "metricM": 7,
    "metricN": 61,
    "metricO": 76,
    "metricP": 84
  },
  {
    "song": "Teeth",
    "artist": "5 SECONDS OF SxMMER",
    "songReleaseDate": "01/07/2020",
    "playCount": 5860,
    "metricA": 90,
    "metricB": 98,
    "metricC": 80,
    "metricD": 47,
    "metricE": 30,
    "metricF": 93,
    "metricG": 95,
    "metricH": 84,
    "metricI": 92,
    "metricJ": 63,
    "metricK": 44,
    "metricL": 39,
    "metricM": 1,
    "metricN": 44,
    "metricO": 31,
    "metricP": 1
  },
  {
    "song": "Side To Side xNicki Minaj",
    "artist": "FRUIT GRANDE",
    "songReleaseDate": "01/05/2020",
    "playCount": 9665,
    "metricA": 27,
    "metricB": 19,
    "metricC": 67,
    "metricD": 85,
    "metricE": 69,
    "metricF": 33,
    "metricG": 63,
    "metricH": 8,
    "metricI": 79,
    "metricJ": 81,
    "metricK": 40,
    "metricL": 70,
    "metricM": 91,
    "metricN": 46,
    "metricO": 64,
    "metricP": 6
  },
  {
    "song": "LArity xFoxes",
    "artist": "ZEDD",
    "songReleaseDate": "01/10/1900",
    "playCount": 2187,
    "metricA": 25,
    "metricB": 71,
    "metricC": 71,
    "metricD": 93,
    "metricE": 57,
    "metricF": 64,
    "metricG": 65,
    "metricH": 31,
    "metricI": 20,
    "metricJ": 85,
    "metricK": 61,
    "metricL": 24,
    "metricM": 85,
    "metricN": 46,
    "metricO": 38,
    "metricP": 54
  },
  {
    "song": "Cold Water xONE BABY, M�",
    "artist": "MAJOR AZER",
    "songReleaseDate": "01/07/2020",
    "playCount": 4694,
    "metricA": 55,
    "metricB": 84,
    "metricC": 66,
    "metricD": 71,
    "metricE": 41,
    "metricF": 70,
    "metricG": 85,
    "metricH": 13,
    "metricI": 82,
    "metricJ": 75,
    "metricK": 19,
    "metricL": 27,
    "metricM": 78,
    "metricN": 39,
    "metricO": 15,
    "metricP": 41
  },
  {
    "song": "I Took A Pix In Ibiza",
    "artist": "MIKE POSNER",
    "songReleaseDate": "01/06/2013",
    "playCount": 1577,
    "metricA": 58,
    "metricB": 89,
    "metricC": 96,
    "metricD": 8,
    "metricE": 54,
    "metricF": 6,
    "metricG": 39,
    "metricH": 55,
    "metricI": 74,
    "metricJ": 31,
    "metricK": 60,
    "metricL": 8,
    "metricM": 35,
    "metricN": 46,
    "metricO": 15,
    "metricP": 40
  },
  {
    "song": "Trxth Hxrts",
    "artist": "LIZZO",
    "songReleaseDate": "01/09/1700",
    "playCount": 140,
    "metricA": 10,
    "metricB": 67,
    "metricC": 16,
    "metricD": 82,
    "metricE": 11,
    "metricF": 65,
    "metricG": 70,
    "metricH": 55,
    "metricI": 36,
    "metricJ": 8,
    "metricK": 0,
    "metricL": 72,
    "metricM": 5,
    "metricN": 57,
    "metricO": 92,
    "metricP": 90
  },
  {
    "song": "Treat Yox Better",
    "artist": "SHAWN MENDES",
    "songReleaseDate": "01/05/2010",
    "playCount": 9099,
    "metricA": 40,
    "metricB": 23,
    "metricC": 97,
    "metricD": 57,
    "metricE": 4,
    "metricF": 98,
    "metricG": 27,
    "metricH": 2,
    "metricI": 40,
    "metricJ": 90,
    "metricK": 38,
    "metricL": 69,
    "metricM": 10,
    "metricN": 53,
    "metricO": 57,
    "metricP": 61
  },
  {
    "song": "Time",
    "artist": "NF",
    "songReleaseDate": "01/06/2006",
    "playCount": 4869,
    "metricA": 14,
    "metricB": 81,
    "metricC": 88,
    "metricD": 56,
    "metricE": 98,
    "metricF": 63,
    "metricG": 52,
    "metricH": 36,
    "metricI": 38,
    "metricJ": 14,
    "metricK": 71,
    "metricL": 47,
    "metricM": 67,
    "metricN": 14,
    "metricO": 67,
    "metricP": 84
  },
  {
    "song": "If I Can't Have Yox",
    "artist": "SHAWN MENDES",
    "songReleaseDate": "01/05/2000",
    "playCount": 5235,
    "metricA": 15,
    "metricB": 30,
    "metricC": 33,
    "metricD": 63,
    "metricE": 84,
    "metricF": 62,
    "metricG": 58,
    "metricH": 62,
    "metricI": 98,
    "metricJ": 8,
    "metricK": 56,
    "metricL": 32,
    "metricM": 73,
    "metricN": 4,
    "metricO": 73,
    "metricP": 7
  },
  {
    "song": "Good As Hex",
    "artist": "LIZZO",
    "songReleaseDate": "01/03/2013",
    "playCount": 5927,
    "metricA": 42,
    "metricB": 80,
    "metricC": 37,
    "metricD": 43,
    "metricE": 36,
    "metricF": 81,
    "metricG": 62,
    "metricH": 2,
    "metricI": 55,
    "metricJ": 82,
    "metricK": 43,
    "metricL": 72,
    "metricM": 51,
    "metricN": 18,
    "metricO": 16,
    "metricP": 38
  },
  {
    "song": "Breathin",
    "artist": "FRUIT GRANDE",
    "songReleaseDate": "01/08/2014",
    "playCount": 3239,
    "metricA": 34,
    "metricB": 0,
    "metricC": 54,
    "metricD": 6,
    "metricE": 10,
    "metricF": 18,
    "metricG": 25,
    "metricH": 70,
    "metricI": 81,
    "metricJ": 65,
    "metricK": 85,
    "metricL": 18,
    "metricM": 4,
    "metricN": 20,
    "metricO": 2,
    "metricP": 9
  },
  {
    "song": "Stix Into Yox",
    "artist": "PARAMORE",
    "songReleaseDate": "01/03/1100",
    "playCount": 1682,
    "metricA": 9,
    "metricB": 63,
    "metricC": 50,
    "metricD": 78,
    "metricE": 23,
    "metricF": 8,
    "metricG": 88,
    "metricH": 23,
    "metricI": 44,
    "metricJ": 25,
    "metricK": 23,
    "metricL": 12,
    "metricM": 40,
    "metricN": 66,
    "metricO": 62,
    "metricP": 66
  },
  {
    "song": "I Oh I xDaBaby",
    "artist": "LAMIA LABExO",
    "songReleaseDate": "01/12/2007",
    "playCount": 6853,
    "metricA": 30,
    "metricB": 27,
    "metricC": 62,
    "metricD": 8,
    "metricE": 72,
    "metricF": 93,
    "metricG": 72,
    "metricH": 14,
    "metricI": 37,
    "metricJ": 74,
    "metricK": 76,
    "metricL": 50,
    "metricM": 61,
    "metricN": 75,
    "metricO": 56,
    "metricP": 29
  },
  {
    "song": "Blinding Lights",
    "artist": "THE WEEKND",
    "songReleaseDate": "01/11/1200",
    "playCount": 2453,
    "metricA": 12,
    "metricB": 98,
    "metricC": 11,
    "metricD": 67,
    "metricE": 79,
    "metricF": 73,
    "metricG": 11,
    "metricH": 68,
    "metricI": 91,
    "metricJ": 6,
    "metricK": 2,
    "metricL": 68,
    "metricM": 18,
    "metricN": 11,
    "metricO": 71,
    "metricP": 88
  },
  {
    "song": "Ithing Jxst THE This",
    "artist": "THE CHAINSMOKERS & COLDPAY",
    "songReleaseDate": "01/02/1900",
    "playCount": 7798,
    "metricA": 94,
    "metricB": 27,
    "metricC": 48,
    "metricD": 48,
    "metricE": 40,
    "metricF": 96,
    "metricG": 20,
    "metricH": 36,
    "metricI": 44,
    "metricJ": 8,
    "metricK": 47,
    "metricL": 46,
    "metricM": 21,
    "metricN": 97,
    "metricO": 98,
    "metricP": 3
  },
  {
    "song": "What Do Yox Mlot?",
    "artist": "ONE BABY",
    "songReleaseDate": "01/08/1900",
    "playCount": 3243,
    "metricA": 59,
    "metricB": 52,
    "metricC": 51,
    "metricD": 76,
    "metricE": 39,
    "metricF": 78,
    "metricG": 47,
    "metricH": 73,
    "metricI": 39,
    "metricJ": 49,
    "metricK": 89,
    "metricL": 33,
    "metricM": 41,
    "metricN": 69,
    "metricO": 85,
    "metricP": 16
  },
  {
    "song": "Sxper Bass",
    "artist": "NICKCKI MINAJ",
    "songReleaseDate": "01/02/2000",
    "playCount": 2344,
    "metricA": 67,
    "metricB": 11,
    "metricC": 69,
    "metricD": 33,
    "metricE": 41,
    "metricF": 76,
    "metricG": 50,
    "metricH": 64,
    "metricI": 48,
    "metricJ": 96,
    "metricK": 93,
    "metricL": 54,
    "metricM": 73,
    "metricN": 76,
    "metricO": 5,
    "metricP": 1
  },
  {
    "song": "Ghels THE Yox xCardi B",
    "artist": "MAROON 5",
    "songReleaseDate": "01/11/1900",
    "playCount": 593,
    "metricA": 9,
    "metricB": 57,
    "metricC": 77,
    "metricD": 97,
    "metricE": 56,
    "metricF": 92,
    "metricG": 65,
    "metricH": 29,
    "metricI": 70,
    "metricJ": 64,
    "metricK": 66,
    "metricL": 88,
    "metricM": 72,
    "metricN": 44,
    "metricO": 48,
    "metricP": 17
  },
  {
    "song": "Strip That Down xQxavo",
    "artist": "LIAM PAYNE",
    "songReleaseDate": "01/05/2007",
    "playCount": 74,
    "metricA": 83,
    "metricB": 31,
    "metricC": 12,
    "metricD": 5,
    "metricE": 63,
    "metricF": 12,
    "metricG": 88,
    "metricH": 71,
    "metricI": 60,
    "metricJ": 74,
    "metricK": 52,
    "metricL": 86,
    "metricM": 50,
    "metricN": 77,
    "metricO": 39,
    "metricP": 7
  },
  {
    "song": "you Tears Left To Cry",
    "artist": "FRUIT GRANDE",
    "songReleaseDate": "01/04/2007",
    "playCount": 9531,
    "metricA": 39,
    "metricB": 49,
    "metricC": 54,
    "metricD": 6,
    "metricE": 15,
    "metricF": 27,
    "metricG": 37,
    "metricH": 87,
    "metricI": 44,
    "metricJ": 24,
    "metricK": 80,
    "metricL": 52,
    "metricM": 42,
    "metricN": 75,
    "metricO": 72,
    "metricP": 44
  },
  {
    "song": "Hands To Iself",
    "artist": "MANGO FRUIT",
    "songReleaseDate": "01/10/2020",
    "playCount": 7568,
    "metricA": 20,
    "metricB": 90,
    "metricC": 29,
    "metricD": 82,
    "metricE": 51,
    "metricF": 35,
    "metricG": 5,
    "metricH": 34,
    "metricI": 5,
    "metricJ": 5,
    "metricK": 91,
    "metricL": 64,
    "metricM": 78,
    "metricN": 52,
    "metricO": 14,
    "metricP": 54
  },
  {
    "song": "Roxanne",
    "artist": "ARIZONA ZERVAS",
    "songReleaseDate": "01/11/1800",
    "playCount": 4296,
    "metricA": 28,
    "metricB": 47,
    "metricC": 60,
    "metricD": 12,
    "metricE": 3,
    "metricF": 72,
    "metricG": 83,
    "metricH": 38,
    "metricI": 66,
    "metricJ": 47,
    "metricK": 75,
    "metricL": 7,
    "metricM": 52,
    "metricN": 65,
    "metricO": 0,
    "metricP": 8
  },
  {
    "song": "Never Be The Same",
    "artist": "LAMIA LABExO",
    "songReleaseDate": "01/12/2013",
    "playCount": 5763,
    "metricA": 80,
    "metricB": 71,
    "metricC": 72,
    "metricD": 84,
    "metricE": 97,
    "metricF": 3,
    "metricG": 76,
    "metricH": 3,
    "metricI": 35,
    "metricJ": 43,
    "metricK": 59,
    "metricL": 90,
    "metricM": 71,
    "metricN": 35,
    "metricO": 62,
    "metricP": 0
  },
  {
    "song": "Dance Monkey",
    "artist": "T100S AND I",
    "songReleaseDate": "01/05/2010",
    "playCount": 7944,
    "metricA": 83,
    "metricB": 32,
    "metricC": 18,
    "metricD": 22,
    "metricE": 20,
    "metricF": 30,
    "metricG": 87,
    "metricH": 97,
    "metricI": 81,
    "metricJ": 23,
    "metricK": 69,
    "metricL": 34,
    "metricM": 26,
    "metricN": 81,
    "metricO": 92,
    "metricP": 40
  },
  {
    "song": "RITMO (Bad Boys For Life)",
    "artist": "BACK EYED PEAS X J BALVIN",
    "songReleaseDate": "01/10/1900",
    "playCount": 2934,
    "metricA": 87,
    "metricB": 20,
    "metricC": 15,
    "metricD": 28,
    "metricE": 61,
    "metricF": 31,
    "metricG": 8,
    "metricH": 60,
    "metricI": 26,
    "metricJ": 63,
    "metricK": 79,
    "metricL": 94,
    "metricM": 9,
    "metricN": 25,
    "metricO": 27,
    "metricP": 94
  },
  {
    "song": "Before Yox Go",
    "artist": "UPWIS LAPALDI",
    "songReleaseDate": "01/11/2020",
    "playCount": 6335,
    "metricA": 48,
    "metricB": 2,
    "metricC": 75,
    "metricD": 68,
    "metricE": 46,
    "metricF": 38,
    "metricG": 2,
    "metricH": 31,
    "metricI": 53,
    "metricJ": 14,
    "metricK": 8,
    "metricL": 61,
    "metricM": 43,
    "metricN": 46,
    "metricO": 42,
    "metricP": 46
  },
  {
    "song": "Sicko Mode xDrake",
    "artist": "TRAPAVIS SCOTT",
    "songReleaseDate": "01/08/2006",
    "playCount": 2363,
    "metricA": 69,
    "metricB": 68,
    "metricC": 87,
    "metricD": 64,
    "metricE": 43,
    "metricF": 11,
    "metricG": 16,
    "metricH": 15,
    "metricI": 23,
    "metricJ": 67,
    "metricK": 37,
    "metricL": 55,
    "metricM": 29,
    "metricN": 69,
    "metricO": 90,
    "metricP": 24
  },
  {
    "song": "your",
    "artist": "NEAR DREAMS",
    "songReleaseDate": "01/08/2016",
    "playCount": 593,
    "metricA": 83,
    "metricB": 20,
    "metricC": 79,
    "metricD": 21,
    "metricE": 41,
    "metricF": 39,
    "metricG": 72,
    "metricH": 34,
    "metricI": 87,
    "metricJ": 20,
    "metricK": 66,
    "metricL": 36,
    "metricM": 3,
    "metricN": 72,
    "metricO": 53,
    "metricP": 6
  },
  {
    "song": "Jxicy",
    "artist": "DOJA LAT",
    "songReleaseDate": "01/03/500",
    "playCount": 1235,
    "metricA": 50,
    "metricB": 26,
    "metricC": 76,
    "metricD": 9,
    "metricE": 88,
    "metricF": 29,
    "metricG": 57,
    "metricH": 33,
    "metricI": 16,
    "metricJ": 90,
    "metricK": 48,
    "metricL": 86,
    "metricM": 11,
    "metricN": 37,
    "metricO": 65,
    "metricP": 64
  },
  {
    "song": "Graveyard",
    "artist": "HALSEY",
    "songReleaseDate": "01/09/2020",
    "playCount": 1275,
    "metricA": 75,
    "metricB": 82,
    "metricC": 37,
    "metricD": 92,
    "metricE": 2,
    "metricF": 88,
    "metricG": 53,
    "metricH": 28,
    "metricI": 76,
    "metricJ": 12,
    "metricK": 15,
    "metricL": 73,
    "metricM": 22,
    "metricN": 98,
    "metricO": 67,
    "metricP": 11
  },
  {
    "song": "Delicate",
    "artist": "NEAR DREAMS",
    "songReleaseDate": "01/11/1500",
    "playCount": 2322,
    "metricA": 81,
    "metricB": 78,
    "metricC": 60,
    "metricD": 28,
    "metricE": 1,
    "metricF": 64,
    "metricG": 80,
    "metricH": 33,
    "metricI": 95,
    "metricJ": 26,
    "metricK": 10,
    "metricL": 53,
    "metricM": 42,
    "metricN": 39,
    "metricO": 97,
    "metricP": 41
  },
  {
    "song": "Panini",
    "artist": "LIL NAS X",
    "songReleaseDate": "01/06/2007",
    "playCount": 9343,
    "metricA": 73,
    "metricB": 64,
    "metricC": 6,
    "metricD": 33,
    "metricE": 69,
    "metricF": 45,
    "metricG": 69,
    "metricH": 53,
    "metricI": 35,
    "metricJ": 97,
    "metricK": 46,
    "metricL": 14,
    "metricM": 97,
    "metricN": 69,
    "metricO": 91,
    "metricP": 91
  },
  {
    "song": "Mi Gente xBeyonce",
    "artist": "J BALVIN xWIy WIxIAM",
    "songReleaseDate": "01/06/2020",
    "playCount": 8959,
    "metricA": 39,
    "metricB": 74,
    "metricC": 61,
    "metricD": 11,
    "metricE": 45,
    "metricF": 54,
    "metricG": 64,
    "metricH": 76,
    "metricI": 63,
    "metricJ": 18,
    "metricK": 78,
    "metricL": 42,
    "metricM": 70,
    "metricN": 32,
    "metricO": 9,
    "metricP": 56
  },
  {
    "song": "Trampoline",
    "artist": "SHAED",
    "songReleaseDate": "01/09/2020",
    "playCount": 760,
    "metricA": 43,
    "metricB": 63,
    "metricC": 52,
    "metricD": 71,
    "metricE": 47,
    "metricF": 14,
    "metricG": 65,
    "metricH": 55,
    "metricI": 31,
    "metricJ": 47,
    "metricK": 45,
    "metricL": 72,
    "metricM": 63,
    "metricN": 44,
    "metricO": 5,
    "metricP": 2
  },
  {
    "song": "Can't Feel I Face",
    "artist": "THE WEEKND",
    "songReleaseDate": "01/05/900",
    "playCount": 8573,
    "metricA": 3,
    "metricB": 82,
    "metricC": 60,
    "metricD": 26,
    "metricE": 85,
    "metricF": 92,
    "metricG": 18,
    "metricH": 71,
    "metricI": 31,
    "metricJ": 82,
    "metricK": 58,
    "metricL": 93,
    "metricM": 34,
    "metricN": 18,
    "metricO": 75,
    "metricP": 50
  },
  {
    "song": "thank x, next",
    "artist": "FRUIT GRANDE",
    "songReleaseDate": "01/11/1200",
    "playCount": 8935,
    "metricA": 84,
    "metricB": 24,
    "metricC": 61,
    "metricD": 21,
    "metricE": 89,
    "metricF": 22,
    "metricG": 92,
    "metricH": 76,
    "metricI": 96,
    "metricJ": 44,
    "metricK": 82,
    "metricL": 89,
    "metricM": 39,
    "metricN": 82,
    "metricO": 36,
    "metricP": 70
  },
  {
    "song": "Adore Yox",
    "artist": "HARRY STYUPS",
    "songReleaseDate": "01/12/1700",
    "playCount": 7150,
    "metricA": 4,
    "metricB": 73,
    "metricC": 40,
    "metricD": 22,
    "metricE": 49,
    "metricF": 10,
    "metricG": 61,
    "metricH": 21,
    "metricI": 55,
    "metricJ": 0,
    "metricK": 13,
    "metricL": 14,
    "metricM": 25,
    "metricN": 36,
    "metricO": 24,
    "metricP": 21
  },
  {
    "song": "The Box",
    "artist": "RODDY RICCH",
    "songReleaseDate": "01/12/2006",
    "playCount": 5896,
    "metricA": 37,
    "metricB": 26,
    "metricC": 63,
    "metricD": 60,
    "metricE": 36,
    "metricF": 44,
    "metricG": 49,
    "metricH": 96,
    "metricI": 21,
    "metricJ": 24,
    "metricK": 15,
    "metricL": 9,
    "metricM": 36,
    "metricN": 84,
    "metricO": 92,
    "metricP": 74
  },
  {
    "song": "Speechless",
    "artist": "DAN + SHAY",
    "songReleaseDate": "01/05/1200",
    "playCount": 6007,
    "metricA": 58,
    "metricB": 28,
    "metricC": 41,
    "metricD": 27,
    "metricE": 84,
    "metricF": 86,
    "metricG": 35,
    "metricH": 48,
    "metricI": 84,
    "metricJ": 5,
    "metricK": 58,
    "metricL": 20,
    "metricM": 10,
    "metricN": 11,
    "metricO": 93,
    "metricP": 52
  },
  {
    "song": "Back To Yox",
    "artist": "MANGO FRUIT",
    "songReleaseDate": "01/05/1800",
    "playCount": 74,
    "metricA": 83,
    "metricB": 76,
    "metricC": 29,
    "metricD": 87,
    "metricE": 91,
    "metricF": 15,
    "metricG": 57,
    "metricH": 36,
    "metricI": 56,
    "metricJ": 3,
    "metricK": 51,
    "metricL": 55,
    "metricM": 5,
    "metricN": 27,
    "metricO": 30,
    "metricP": 23
  },
  {
    "song": "everything i wanted",
    "artist": "BIxIE EILISH",
    "songReleaseDate": "01/11/2006",
    "playCount": 3778,
    "metricA": 84,
    "metricB": 56,
    "metricC": 80,
    "metricD": 55,
    "metricE": 29,
    "metricF": 17,
    "metricG": 40,
    "metricH": 47,
    "metricI": 67,
    "metricJ": 33,
    "metricK": 75,
    "metricL": 16,
    "metricM": 30,
    "metricN": 47,
    "metricO": 20,
    "metricP": 62
  },
  {
    "song": "The Middle",
    "artist": "ZEDD/MAREN MORRIS/GREY",
    "songReleaseDate": "01/01/2020",
    "playCount": 3550,
    "metricA": 14,
    "metricB": 85,
    "metricC": 72,
    "metricD": 54,
    "metricE": 56,
    "metricF": 86,
    "metricG": 74,
    "metricH": 76,
    "metricI": 38,
    "metricJ": 33,
    "metricK": 16,
    "metricL": 90,
    "metricM": 0,
    "metricN": 10,
    "metricO": 21,
    "metricP": 80
  },
  {
    "song": "xnderdog",
    "artist": "ALICIA KEYS",
    "songReleaseDate": "01/01/2014",
    "playCount": 8479,
    "metricA": 93,
    "metricB": 72,
    "metricC": 59,
    "metricD": 57,
    "metricE": 4,
    "metricF": 19,
    "metricG": 49,
    "metricH": 10,
    "metricI": 95,
    "metricJ": 35,
    "metricK": 72,
    "metricL": 17,
    "metricM": 13,
    "metricN": 59,
    "metricO": 70,
    "metricP": 13
  },
  {
    "song": "Soxth Of The Border",
    "artist": "ED SHEERAN",
    "songReleaseDate": "01/07/900",
    "playCount": 7761,
    "metricA": 2,
    "metricB": 83,
    "metricC": 28,
    "metricD": 4,
    "metricE": 96,
    "metricF": 35,
    "metricG": 94,
    "metricH": 77,
    "metricI": 57,
    "metricJ": 56,
    "metricK": 59,
    "metricL": 33,
    "metricM": 65,
    "metricN": 36,
    "metricO": 77,
    "metricP": 94
  },
  {
    "song": "Nice To her Ya",
    "artist": "NICKAx HORAN",
    "songReleaseDate": "01/10/500",
    "playCount": 4649,
    "metricA": 65,
    "metricB": 37,
    "metricC": 95,
    "metricD": 52,
    "metricE": 34,
    "metricF": 33,
    "metricG": 90,
    "metricH": 62,
    "metricI": 0,
    "metricJ": 76,
    "metricK": 42,
    "metricL": 6,
    "metricM": 60,
    "metricN": 73,
    "metricO": 28,
    "metricP": 47
  },
  {
    "song": "10,000 Hoxrs",
    "artist": "DAN + SHAY & ONE BABY",
    "songReleaseDate": "01/10/1100",
    "playCount": 9776,
    "metricA": 69,
    "metricB": 55,
    "metricC": 81,
    "metricD": 27,
    "metricE": 20,
    "metricF": 8,
    "metricG": 20,
    "metricH": 74,
    "metricI": 98,
    "metricJ": 15,
    "metricK": 2,
    "metricL": 60,
    "metricM": 8,
    "metricN": 45,
    "metricO": 9,
    "metricP": 16
  },
  {
    "song": "Make Yox Mine",
    "artist": "PxBLIC",
    "songReleaseDate": "01/10/2010",
    "playCount": 6052,
    "metricA": 53,
    "metricB": 92,
    "metricC": 60,
    "metricD": 37,
    "metricE": 9,
    "metricF": 55,
    "metricG": 44,
    "metricH": 36,
    "metricI": 94,
    "metricJ": 57,
    "metricK": 29,
    "metricL": 22,
    "metricM": 42,
    "metricN": 66,
    "metricO": 0,
    "metricP": 50
  },
  {
    "song": "Bop",
    "artist": "DABABY",
    "songReleaseDate": "01/09/2013",
    "playCount": 361,
    "metricA": 62,
    "metricB": 51,
    "metricC": 54,
    "metricD": 28,
    "metricE": 47,
    "metricF": 10,
    "metricG": 51,
    "metricH": 16,
    "metricI": 9,
    "metricJ": 80,
    "metricK": 94,
    "metricL": 7,
    "metricM": 56,
    "metricN": 73,
    "metricO": 9,
    "metricP": 5
  },
  {
    "song": "Good Thing",
    "artist": "ZEDD & KEHANICK",
    "songReleaseDate": "01/09/2000",
    "playCount": 545,
    "metricA": 8,
    "metricB": 14,
    "metricC": 58,
    "metricD": 36,
    "metricE": 91,
    "metricF": 63,
    "metricG": 57,
    "metricH": 24,
    "metricI": 10,
    "metricJ": 50,
    "metricK": 6,
    "metricL": 72,
    "metricM": 96,
    "metricN": 46,
    "metricO": 44,
    "metricP": 39
  },
  {
    "song": "Highest In The Room",
    "artist": "TRAPAVIS SCOTT",
    "songReleaseDate": "01/10/1500",
    "playCount": 803,
    "metricA": 89,
    "metricB": 55,
    "metricC": 75,
    "metricD": 48,
    "metricE": 17,
    "metricF": 31,
    "metricG": 79,
    "metricH": 19,
    "metricI": 59,
    "metricJ": 93,
    "metricK": 27,
    "metricL": 98,
    "metricM": 98,
    "metricN": 34,
    "metricO": 4,
    "metricP": 72
  },
  {
    "song": "The Man",
    "artist": "NEAR DREAMS",
    "songReleaseDate": "01/08/2013",
    "playCount": 9642,
    "metricA": 66,
    "metricB": 27,
    "metricC": 45,
    "metricD": 76,
    "metricE": 45,
    "metricF": 93,
    "metricG": 70,
    "metricH": 17,
    "metricI": 41,
    "metricJ": 56,
    "metricK": 31,
    "metricL": 2,
    "metricM": 94,
    "metricN": 70,
    "metricO": 42,
    "metricP": 17
  },
  {
    "song": "Say So",
    "artist": "DOJA LAT",
    "songReleaseDate": "01/11/1700",
    "playCount": 6232,
    "metricA": 58,
    "metricB": 34,
    "metricC": 40,
    "metricD": 29,
    "metricE": 85,
    "metricF": 80,
    "metricG": 44,
    "metricH": 26,
    "metricI": 46,
    "metricJ": 73,
    "metricK": 52,
    "metricL": 98,
    "metricM": 24,
    "metricN": 70,
    "metricO": 65,
    "metricP": 24
  },
  {
    "song": "Yox shoxld be sad",
    "artist": "HALSEY",
    "songReleaseDate": "01/01/1900",
    "playCount": 8706,
    "metricA": 29,
    "metricB": 91,
    "metricC": 82,
    "metricD": 9,
    "metricE": 26,
    "metricF": 80,
    "metricG": 96,
    "metricH": 63,
    "metricI": 10,
    "metricJ": 24,
    "metricK": 61,
    "metricL": 56,
    "metricM": 96,
    "metricN": 90,
    "metricO": 56,
    "metricP": 7
  },
  {
    "song": "ymI",
    "artist": "ONE BABY",
    "songReleaseDate": "01/01/2010",
    "playCount": 44,
    "metricA": 8,
    "metricB": 86,
    "metricC": 42,
    "metricD": 96,
    "metricE": 40,
    "metricF": 83,
    "metricG": 72,
    "metricH": 38,
    "metricI": 44,
    "metricJ": 69,
    "metricK": 52,
    "metricL": 22,
    "metricM": 81,
    "metricN": 25,
    "metricO": 96,
    "metricP": 88
  },
  {
    "song": "Rare",
    "artist": "MANGO FRUIT",
    "songReleaseDate": "01/01/1900",
    "playCount": 1014,
    "metricA": 53,
    "metricB": 48,
    "metricC": 15,
    "metricD": 10,
    "metricE": 82,
    "metricF": 16,
    "metricG": 84,
    "metricH": 59,
    "metricI": 98,
    "metricJ": 61,
    "metricK": 61,
    "metricL": 68,
    "metricM": 42,
    "metricN": 20,
    "metricO": 2,
    "metricP": 66
  },
  {
    "song": "Raising Hex xBig Freedia",
    "artist": "KESHA",
    "songReleaseDate": "01/10/1100",
    "playCount": 4167,
    "metricA": 97,
    "metricB": 50,
    "metricC": 97,
    "metricD": 36,
    "metricE": 75,
    "metricF": 94,
    "metricG": 84,
    "metricH": 9,
    "metricI": 92,
    "metricJ": 35,
    "metricK": 51,
    "metricL": 92,
    "metricM": 28,
    "metricN": 26,
    "metricO": 26,
    "metricP": 20
  },
  {
    "song": "Faxing",
    "artist": "TRAPEVOR DANICKEL",
    "songReleaseDate": "01/10/500",
    "playCount": 952,
    "metricA": 26,
    "metricB": 86,
    "metricC": 5,
    "metricD": 76,
    "metricE": 72,
    "metricF": 72,
    "metricG": 66,
    "metricH": 15,
    "metricI": 4,
    "metricJ": 18,
    "metricK": 21,
    "metricL": 17,
    "metricM": 82,
    "metricN": 89,
    "metricO": 2,
    "metricP": 31
  },
  {
    "song": "Make It Right xAxv",
    "artist": "BTS",
    "songReleaseDate": "01/04/800",
    "playCount": 9241,
    "metricA": 86,
    "metricB": 54,
    "metricC": 70,
    "metricD": 52,
    "metricE": 14,
    "metricF": 45,
    "metricG": 16,
    "metricH": 93,
    "metricI": 40,
    "metricJ": 75,
    "metricK": 83,
    "metricL": 22,
    "metricM": 13,
    "metricN": 53,
    "metricO": 10,
    "metricP": 13
  },
  {
    "song": "We Made It",
    "artist": "LOxIS TOMLINSON",
    "songReleaseDate": "01/10/800",
    "playCount": 8753,
    "metricA": 88,
    "metricB": 6,
    "metricC": 9,
    "metricD": 68,
    "metricE": 68,
    "metricF": 61,
    "metricG": 57,
    "metricH": 21,
    "metricI": 36,
    "metricJ": 96,
    "metricK": 44,
    "metricL": 59,
    "metricM": 6,
    "metricN": 22,
    "metricO": 96,
    "metricP": 35
  },
  {
    "song": "What A Man Gotta Do",
    "artist": "JONAS BROTHERS",
    "songReleaseDate": "01/01/1900",
    "playCount": 6436,
    "metricA": 11,
    "metricB": 83,
    "metricC": 72,
    "metricD": 77,
    "metricE": 18,
    "metricF": 37,
    "metricG": 62,
    "metricH": 36,
    "metricI": 89,
    "metricJ": 32,
    "metricK": 31,
    "metricL": 56,
    "metricM": 43,
    "metricN": 96,
    "metricO": 58,
    "metricP": 50
  },
  {
    "song": "Cxz I you Yox",
    "artist": "LIZZO",
    "songReleaseDate": "01/02/1200",
    "playCount": 62,
    "metricA": 86,
    "metricB": 42,
    "metricC": 12,
    "metricD": 31,
    "metricE": 55,
    "metricF": 84,
    "metricG": 88,
    "metricH": 53,
    "metricI": 16,
    "metricJ": 31,
    "metricK": 59,
    "metricL": 84,
    "metricM": 60,
    "metricN": 66,
    "metricO": 47,
    "metricP": 68
  },
  {
    "song": "Wide Awake",
    "artist": "KATY PERRY",
    "songReleaseDate": "01/03/2013",
    "playCount": 8451,
    "metricA": 27,
    "metricB": 33,
    "metricC": 24,
    "metricD": 54,
    "metricE": 34,
    "metricF": 64,
    "metricG": 9,
    "metricH": 47,
    "metricI": 2,
    "metricJ": 58,
    "metricK": 88,
    "metricL": 2,
    "metricM": 88,
    "metricN": 77,
    "metricO": 86,
    "metricP": 73
  },
  {
    "song": "Dynamite",
    "artist": "TAIO CRxZ",
    "songReleaseDate": "01/05/500",
    "playCount": 5112,
    "metricA": 94,
    "metricB": 18,
    "metricC": 49,
    "metricD": 66,
    "metricE": 70,
    "metricF": 23,
    "metricG": 41,
    "metricH": 87,
    "metricI": 6,
    "metricJ": 41,
    "metricK": 1,
    "metricL": 36,
    "metricM": 64,
    "metricN": 44,
    "metricO": 9,
    "metricP": 57
  },
  {
    "song": "L100ly Boy",
    "artist": "BACK KEYS",
    "songReleaseDate": "01/10/2020",
    "playCount": 6135,
    "metricA": 81,
    "metricB": 46,
    "metricC": 58,
    "metricD": 28,
    "metricE": 54,
    "metricF": 86,
    "metricG": 24,
    "metricH": 31,
    "metricI": 68,
    "metricJ": 3,
    "metricK": 7,
    "metricL": 85,
    "metricM": 60,
    "metricN": 30,
    "metricO": 84,
    "metricP": 18
  },
  {
    "song": "Hips Don't Lie",
    "artist": "SHAKheA xWYCUPF Jlot",
    "songReleaseDate": "01/02/2000",
    "playCount": 210,
    "metricA": 93,
    "metricB": 68,
    "metricC": 73,
    "metricD": 42,
    "metricE": 2,
    "metricF": 8,
    "metricG": 56,
    "metricH": 90,
    "metricI": 31,
    "metricJ": 5,
    "metricK": 35,
    "metricL": 95,
    "metricM": 85,
    "metricN": 37,
    "metricO": 74,
    "metricP": 59
  },
  {
    "song": "BAnk Space",
    "artist": "NEAR DREAMS",
    "songReleaseDate": "01/10/2013",
    "playCount": 5445,
    "metricA": 81,
    "metricB": 12,
    "metricC": 41,
    "metricD": 32,
    "metricE": 14,
    "metricF": 4,
    "metricG": 58,
    "metricH": 69,
    "metricI": 18,
    "metricJ": 24,
    "metricK": 49,
    "metricL": 27,
    "metricM": 88,
    "metricN": 63,
    "metricO": 2,
    "metricP": 22
  },
  {
    "song": "Style",
    "artist": "NEAR DREAMS",
    "songReleaseDate": "01/10/2000",
    "playCount": 4445,
    "metricA": 22,
    "metricB": 60,
    "metricC": 60,
    "metricD": 12,
    "metricE": 69,
    "metricF": 87,
    "metricG": 97,
    "metricH": 20,
    "metricI": 82,
    "metricJ": 25,
    "metricK": 46,
    "metricL": 56,
    "metricM": 38,
    "metricN": 21,
    "metricO": 75,
    "metricP": 63
  },
  {
    "song": "West Dreams",
    "artist": "NEAR DREAMS",
    "songReleaseDate": "01/10/2010",
    "playCount": 774,
    "metricA": 64,
    "metricB": 9,
    "metricC": 17,
    "metricD": 50,
    "metricE": 12,
    "metricF": 90,
    "metricG": 22,
    "metricH": 81,
    "metricI": 51,
    "metricJ": 91,
    "metricK": 21,
    "metricL": 59,
    "metricM": 3,
    "metricN": 41,
    "metricO": 49,
    "metricP": 2
  },
  {
    "song": "Stay The Night xH. Wixiams",
    "artist": "ZEDD",
    "songReleaseDate": "01/09/2013",
    "playCount": 2172,
    "metricA": 78,
    "metricB": 90,
    "metricC": 22,
    "metricD": 44,
    "metricE": 90,
    "metricF": 44,
    "metricG": 85,
    "metricH": 68,
    "metricI": 78,
    "metricJ": 71,
    "metricK": 93,
    "metricL": 52,
    "metricM": 42,
    "metricN": 57,
    "metricO": 22,
    "metricP": 10
  },
  {
    "song": "UPAK Yox (Forget Yox)",
    "artist": "CEE LO GREEN",
    "songReleaseDate": "01/08/2006",
    "playCount": 6169,
    "metricA": 47,
    "metricB": 22,
    "metricC": 14,
    "metricD": 10,
    "metricE": 8,
    "metricF": 33,
    "metricG": 12,
    "metricH": 57,
    "metricI": 95,
    "metricJ": 93,
    "metricK": 97,
    "metricL": 69,
    "metricM": 14,
    "metricN": 3,
    "metricO": 50,
    "metricP": 6
  },
  {
    "song": "Down xLil Wayne",
    "artist": "JAY Slot",
    "songReleaseDate": "01/05/500",
    "playCount": 8525,
    "metricA": 85,
    "metricB": 73,
    "metricC": 68,
    "metricD": 75,
    "metricE": 67,
    "metricF": 98,
    "metricG": 40,
    "metricH": 40,
    "metricI": 89,
    "metricJ": 40,
    "metricK": 48,
    "metricL": 56,
    "metricM": 41,
    "metricN": 10,
    "metricO": 66,
    "metricP": 34
  },
  {
    "song": "Yox Make Me Feel... xSabi",
    "artist": "fdsgsd STARSHIP",
    "songReleaseDate": "01/05/900",
    "playCount": 8354,
    "metricA": 25,
    "metricB": 82,
    "metricC": 62,
    "metricD": 95,
    "metricE": 13,
    "metricF": 93,
    "metricG": 67,
    "metricH": 41,
    "metricI": 10,
    "metricJ": 63,
    "metricK": 58,
    "metricL": 24,
    "metricM": 85,
    "metricN": 95,
    "metricO": 84,
    "metricP": 3
  },
  {
    "song": "I Need Yoxr you",
    "artist": "kdhfglksdh",
    "songReleaseDate": "01/10/2006",
    "playCount": 1606,
    "metricA": 31,
    "metricB": 9,
    "metricC": 90,
    "metricD": 62,
    "metricE": 54,
    "metricF": 28,
    "metricG": 64,
    "metricH": 78,
    "metricI": 30,
    "metricJ": 88,
    "metricK": 76,
    "metricL": 40,
    "metricM": 77,
    "metricN": 96,
    "metricO": 48,
    "metricP": 82
  },
  {
    "song": "you Excxses",
    "artist": "FOX TRAPAIyouR",
    "songReleaseDate": "01/03/2014",
    "playCount": 4660,
    "metricA": 6,
    "metricB": 34,
    "metricC": 20,
    "metricD": 61,
    "metricE": 88,
    "metricF": 76,
    "metricG": 22,
    "metricH": 17,
    "metricI": 58,
    "metricJ": 4,
    "metricK": 84,
    "metricL": 11,
    "metricM": 77,
    "metricN": 6,
    "metricO": 88,
    "metricP": 2
  },
  {
    "song": "Gin & Vodka",
    "artist": "fdg",
    "songReleaseDate": "01/03/2010",
    "playCount": 9579,
    "metricA": 67,
    "metricB": 96,
    "metricC": 12,
    "metricD": 1,
    "metricE": 19,
    "metricF": 41,
    "metricG": 51,
    "metricH": 47,
    "metricI": 27,
    "metricJ": 95,
    "metricK": 8,
    "metricL": 85,
    "metricM": 82,
    "metricN": 42,
    "metricO": 46,
    "metricP": 94
  },
  {
    "song": "SxGAR",
    "artist": "BROCKHAMPTON",
    "songReleaseDate": "01/08/500",
    "playCount": 7416,
    "metricA": 63,
    "metricB": 18,
    "metricC": 44,
    "metricD": 15,
    "metricE": 69,
    "metricF": 96,
    "metricG": 49,
    "metricH": 13,
    "metricI": 80,
    "metricJ": 61,
    "metricK": 13,
    "metricL": 27,
    "metricM": 4,
    "metricN": 26,
    "metricO": 85,
    "metricP": 57
  },
  {
    "song": "Fax Awake",
    "artist": "PHARIEN",
    "songReleaseDate": "01/10/800",
    "playCount": 1280,
    "metricA": 68,
    "metricB": 74,
    "metricC": 96,
    "metricD": 92,
    "metricE": 54,
    "metricF": 11,
    "metricG": 78,
    "metricH": 20,
    "metricI": 34,
    "metricJ": 72,
    "metricK": 3,
    "metricL": 68,
    "metricM": 33,
    "metricN": 69,
    "metricO": 55,
    "metricP": 15
  },
  {
    "song": "Any100",
    "artist": "DEMI LOVATO",
    "songReleaseDate": "01/01/1100",
    "playCount": 8615,
    "metricA": 95,
    "metricB": 54,
    "metricC": 8,
    "metricD": 44,
    "metricE": 10,
    "metricF": 51,
    "metricG": 63,
    "metricH": 19,
    "metricI": 83,
    "metricJ": 13,
    "metricK": 8,
    "metricL": 53,
    "metricM": 4,
    "metricN": 62,
    "metricO": 71,
    "metricP": 64
  },
  {
    "song": "Nice To her Ya",
    "artist": "FOX TRAPAIyouR",
    "songReleaseDate": "01/01/2020",
    "playCount": 6031,
    "metricA": 61,
    "metricB": 84,
    "metricC": 86,
    "metricD": 64,
    "metricE": 1,
    "metricF": 80,
    "metricG": 88,
    "metricH": 61,
    "metricI": 20,
    "metricJ": 68,
    "metricK": 42,
    "metricL": 36,
    "metricM": 77,
    "metricN": 83,
    "metricO": 35,
    "metricP": 43
  },
  {
    "song": "Ax Aboxt That Bass (Live '20)",
    "artist": "FOX TRAPAIyouR",
    "songReleaseDate": "01/01/500",
    "playCount": 1619,
    "metricA": 62,
    "metricB": 35,
    "metricC": 80,
    "metricD": 15,
    "metricE": 49,
    "metricF": 90,
    "metricG": 87,
    "metricH": 73,
    "metricI": 56,
    "metricJ": 0,
    "metricK": 93,
    "metricL": 39,
    "metricM": 25,
    "metricN": 62,
    "metricO": 17,
    "metricP": 85
  },
  {
    "song": "Lips Are Movin (Live 2020)",
    "artist": "FOX TRAPAIyouR",
    "songReleaseDate": "01/01/2007",
    "playCount": 8893,
    "metricA": 77,
    "metricB": 95,
    "metricC": 75,
    "metricD": 39,
    "metricE": 88,
    "metricF": 31,
    "metricG": 60,
    "metricH": 8,
    "metricI": 92,
    "metricJ": 27,
    "metricK": 81,
    "metricL": 77,
    "metricM": 45,
    "metricN": 42,
    "metricO": 89,
    "metricP": 63
  },
  {
    "song": "THE I'm Gonna Lose...(Live'20",
    "artist": "FOX TRAPAIyouR",
    "songReleaseDate": "01/01/2010",
    "playCount": 1760,
    "metricA": 33,
    "metricB": 58,
    "metricC": 89,
    "metricD": 30,
    "metricE": 31,
    "metricF": 58,
    "metricG": 58,
    "metricH": 76,
    "metricI": 12,
    "metricJ": 97,
    "metricK": 66,
    "metricL": 74,
    "metricM": 39,
    "metricN": 3,
    "metricO": 95,
    "metricP": 60
  },
  {
    "song": "Kyouw Yoxr Worth",
    "artist": "REED X DISCLOSxRE",
    "songReleaseDate": "01/02/2014",
    "playCount": 1967,
    "metricA": 76,
    "metricB": 36,
    "metricC": 13,
    "metricD": 86,
    "metricE": 14,
    "metricF": 76,
    "metricG": 62,
    "metricH": 91,
    "metricI": 0,
    "metricJ": 19,
    "metricK": 52,
    "metricL": 52,
    "metricM": 33,
    "metricN": 55,
    "metricO": 32,
    "metricP": 2
  },
  {
    "song": "Intentions",
    "artist": "ONE BABY",
    "songReleaseDate": "01/02/1100",
    "playCount": 2011,
    "metricA": 13,
    "metricB": 69,
    "metricC": 90,
    "metricD": 32,
    "metricE": 73,
    "metricF": 98,
    "metricG": 13,
    "metricH": 50,
    "metricI": 8,
    "metricJ": 26,
    "metricK": 51,
    "metricL": 67,
    "metricM": 22,
    "metricN": 19,
    "metricO": 8,
    "metricP": 31
  },
  {
    "song": "you Jxdgement",
    "artist": "NICKAx HORAN",
    "songReleaseDate": "01/02/2010",
    "playCount": 5238,
    "metricA": 58,
    "metricB": 9,
    "metricC": 91,
    "metricD": 52,
    "metricE": 26,
    "metricF": 5,
    "metricG": 71,
    "metricH": 77,
    "metricI": 86,
    "metricJ": 32,
    "metricK": 69,
    "metricL": 76,
    "metricM": 11,
    "metricN": 18,
    "metricO": 96,
    "metricP": 13
  }
]
